Function,Method,n,h,Approximation,Exact,Error
e^x,Trapezoidal,1,0.1,0.10525854590378239,0.10517091807564771,8.762782813467873e-05
e^x,Trapezoidal,2,0.05,0.10519282777069239,0.10517091807564771,2.1909695044675104e-05
e^x,Trapezoidal,4,0.025,0.10517639567057274,0.10517091807564771,5.4775949250296385e-06
e^x,Trapezoidal,8,0.0125,0.10517228748507723,0.10517091807564771,1.3694094295191306e-06
e^x,Trapezoidal,16,0.00625,0.1051712604286737,0.10517091807564771,3.4235302598384365e-07
e^x,Simpson's 1/3 Rule,128,0.00078125,0.10517091807564789,0.10517091807564771,1.8041124150158794e-16
e^x,Simpson's 1/3 Rule,256,0.000390625,0.10517091807564766,0.10517091807564771,5.551115123125783e-17
e^x,Simpson's 1/3 Rule,384,0.00026041666666666666,0.10517091807564766,0.10517091807564771,5.551115123125783e-17
e^x,Simpson's 1/3 Rule,512,0.0001953125,0.10517091807564768,0.10517091807564771,2.7755575615628914e-17
e^x,Simpson's 1/3 Rule,640,0.00015625,0.1051709180756476,0.10517091807564771,1.1102230246251565e-16
e^x,Simpson's 3/8 Rule,3,0.03333333333333333,0.10517091969822637,0.10517091807564771,1.6225786547696686e-09
e^x,Simpson's 3/8 Rule,6,0.016666666666666666,0.10517091817707894,0.10517091807564771,1.01431224530657e-10
e^x,Simpson's 3/8 Rule,9,0.011111111111111112,0.10517091809568418,0.10517091807564771,2.0036472481166356e-11
e^x,Simpson's 3/8 Rule,12,0.008333333333333333,0.1051709180819874,0.10517091807564771,6.3396926597292236e-12
e^x,Simpson's 3/8 Rule,15,0.006666666666666667,0.10517091807824441,0.10517091807564771,2.5967006322957786e-12
e^x,Simpson's 3/8 Rule,18,0.005555555555555556,0.10517091807689995,0.10517091807564771,1.2522344272625219e-12
